train/accordion_image_0001.jpg,9.0,12.0,8.0,11.0,9.0,30.0,31.0,16.0,11.0,6.0,9.0,120.0,6.0,11.0,18.0,20.0,2.0,54.0,7.0,9.0,12.0,4.0,8.0,6.0,12.0,54.0,10.0,10.0,20.0,4.0,12.0,101.0,18.0,6.0,5.0,5.0,3.0,3.0,12.0,19.0,20.0,5.0,0.0,0.0,4.0,23.0,18.0,14.0,12.0,8.0
train/accordion_image_0002.jpg,9.0,12.0,8.0,11.0,9.0,30.0,31.0,16.0,11.0,6.0,9.0,120.0,6.0,11.0,18.0,20.0,2.0,54.0,7.0,9.0,12.0,4.0,8.0,6.0,12.0,54.0,10.0,10.0,20.0,4.0,12.0,101.0,18.0,6.0,5.0,5.0,3.0,3.0,12.0,19.0,20.0,5.0,0.0,0.0,4.0,23.0,18.0,14.0,12.0,8.0
train/accordion_image_0003.jpg,9.0,12.0,8.0,11.0,9.0,30.0,31.0,16.0,11.0,6.0,9.0,120.0,6.0,11.0,18.0,20.0,2.0,54.0,7.0,9.0,12.0,4.0,8.0,6.0,12.0,54.0,10.0,10.0,20.0,4.0,12.0,101.0,18.0,6.0,5.0,5.0,3.0,3.0,12.0,19.0,20.0,5.0,0.0,0.0,4.0,23.0,18.0,14.0,12.0,8.0
train/accordion_image_0004.jpg,9.0,12.0,8.0,11.0,9.0,30.0,31.0,16.0,11.0,6.0,9.0,120.0,6.0,11.0,18.0,20.0,2.0,54.0,7.0,9.0,12.0,4.0,8.0,6.0,12.0,54.0,10.0,10.0,20.0,4.0,12.0,101.0,18.0,6.0,5.0,5.0,3.0,3.0,12.0,19.0,20.0,5.0,0.0,0.0,4.0,23.0,18.0,14.0,12.0,8.0
train/accordion_image_0005.jpg,9.0,12.0,8.0,11.0,9.0,30.0,31.0,16.0,11.0,6.0,9.0,120.0,6.0,11.0,18.0,20.0,2.0,54.0,7.0,9.0,12.0,4.0,8.0,6.0,12.0,54.0,10.0,10.0,20.0,4.0,12.0,101.0,18.0,6.0,5.0,5.0,3.0,3.0,12.0,19.0,20.0,5.0,0.0,0.0,4.0,23.0,18.0,14.0,12.0,8.0
train/accordion_image_0006.jpg,9.0,12.0,8.0,11.0,9.0,30.0,31.0,16.0,11.0,6.0,9.0,120.0,6.0,11.0,18.0,20.0,2.0,54.0,7.0,9.0,12.0,4.0,8.0,6.0,12.0,54.0,10.0,10.0,20.0,4.0,12.0,101.0,18.0,6.0,5.0,5.0,3.0,3.0,12.0,19.0,20.0,5.0,0.0,0.0,4.0,23.0,18.0,14.0,12.0,8.0
train/accordion_image_0007.jpg,12.0,32.0,12.0,6.0,3.0,83.0,41.0,8.0,14.0,6.0,12.0,24.0,19.0,10.0,17.0,13.0,6.0,139.0,8.0,10.0,19.0,7.0,4.0,17.0,7.0,79.0,15.0,17.0,11.0,11.0,8.0,11.0,6.0,10.0,5.0,14.0,8.0,4.0,9.0,26.0,21.0,19.0,1.0,7.0,2.0,13.0,11.0,21.0,15.0,8.0
train/brain_image_0001.jpg,2.0,14.0,2.0,10.0,4.0,12.0,9.0,4.0,13.0,6.0,6.0,6.0,16.0,6.0,10.0,18.0,5.0,10.0,7.0,1.0,8.0,13.0,11.0,11.0,12.0,18.0,5.0,4.0,10.0,10.0,7.0,13.0,12.0,5.0,7.0,9.0,3.0,9.0,5.0,9.0,5.0,13.0,10.0,15.0,6.0,2.0,11.0,5.0,9.0,9.0
train/brain_image_0002.jpg,5.0,20.0,15.0,2.0,15.0,24.0,7.0,16.0,5.0,14.0,14.0,18.0,9.0,7.0,28.0,19.0,10.0,55.0,10.0,8.0,22.0,8.0,14.0,9.0,1.0,18.0,1.0,24.0,17.0,19.0,8.0,12.0,4.0,16.0,27.0,15.0,11.0,19.0,12.0,16.0,6.0,8.0,3.0,26.0,11.0,15.0,6.0,9.0,10.0,7.0
train/brain_image_0003.jpg,3.0,2.0,0.0,3.0,5.0,4.0,7.0,0.0,8.0,10.0,4.0,2.0,10.0,4.0,9.0,2.0,4.0,21.0,6.0,3.0,6.0,0.0,8.0,11.0,3.0,51.0,9.0,1.0,1.0,3.0,5.0,2.0,12.0,6.0,3.0,5.0,6.0,5.0,8.0,9.0,0.0,10.0,15.0,8.0,3.0,2.0,3.0,0.0,7.0,1.0
train/brain_image_0004.jpg,0.0,3.0,6.0,1.0,2.0,5.0,3.0,1.0,4.0,0.0,5.0,0.0,3.0,1.0,0.0,5.0,2.0,3.0,2.0,3.0,3.0,11.0,3.0,2.0,2.0,1.0,0.0,1.0,0.0,7.0,5.0,1.0,3.0,2.0,10.0,6.0,7.0,4.0,3.0,0.0,1.0,5.0,1.0,0.0,5.0,7.0,1.0,1.0,4.0,0.0
train/brain_image_0005.jpg,0.0,9.0,6.0,10.0,25.0,42.0,1.0,3.0,0.0,12.0,3.0,2.0,3.0,1.0,32.0,42.0,8.0,13.0,12.0,4.0,17.0,35.0,12.0,1.0,14.0,2.0,3.0,12.0,0.0,17.0,0.0,17.0,4.0,4.0,6.0,5.0,13.0,24.0,2.0,1.0,1.0,1.0,60.0,30.0,12.0,3.0,3.0,3.0,12.0,3.0
train/brain_image_0006.jpg,4.0,4.0,7.0,7.0,6.0,10.0,13.0,5.0,6.0,1.0,8.0,3.0,8.0,4.0,8.0,16.0,6.0,5.0,4.0,7.0,5.0,12.0,7.0,5.0,4.0,11.0,6.0,10.0,7.0,17.0,6.0,5.0,12.0,2.0,17.0,9.0,3.0,5.0,6.0,7.0,6.0,22.0,11.0,5.0,10.0,16.0,1.0,8.0,10.0,4.0
train/brain_image_0007.jpg,14.0,15.0,2.0,22.0,24.0,8.0,10.0,3.0,28.0,10.0,15.0,3.0,8.0,14.0,6.0,13.0,10.0,16.0,17.0,9.0,4.0,12.0,15.0,7.0,14.0,6.0,14.0,3.0,9.0,17.0,14.0,5.0,33.0,9.0,8.0,10.0,13.0,8.0,5.0,10.0,16.0,26.0,17.0,11.0,14.0,9.0,9.0,17.0,21.0,14.0
train/brain_image_0008.jpg,23.0,28.0,14.0,44.0,22.0,12.0,11.0,4.0,0.0,24.0,16.0,4.0,9.0,8.0,26.0,29.0,17.0,13.0,29.0,5.0,25.0,22.0,39.0,6.0,34.0,6.0,4.0,16.0,12.0,32.0,5.0,9.0,10.0,9.0,12.0,22.0,21.0,24.0,7.0,15.0,3.0,8.0,40.0,30.0,13.0,13.0,6.0,10.0,21.0,19.0
train/brain_image_0009.jpg,6.0,19.0,5.0,4.0,1.0,2.0,2.0,6.0,29.0,7.0,16.0,2.0,8.0,13.0,7.0,0.0,6.0,15.0,7.0,10.0,15.0,1.0,2.0,10.0,6.0,3.0,25.0,6.0,13.0,1.0,6.0,1.0,27.0,7.0,6.0,11.0,8.0,6.0,15.0,17.0,5.0,15.0,2.0,6.0,5.0,7.0,7.0,2.0,4.0,11.0
train/brain_image_0010.jpg,11.0,14.0,4.0,21.0,14.0,16.0,3.0,12.0,1.0,30.0,4.0,4.0,5.0,3.0,21.0,90.0,22.0,5.0,13.0,9.0,17.0,44.0,19.0,3.0,13.0,3.0,1.0,5.0,2.0,41.0,4.0,15.0,2.0,7.0,6.0,11.0,17.0,38.0,0.0,3.0,15.0,9.0,23.0,39.0,11.0,6.0,7.0,19.0,5.0,4.0
train/brain_image_0011.jpg,17.0,29.0,12.0,27.0,30.0,15.0,7.0,15.0,3.0,22.0,14.0,8.0,12.0,23.0,22.0,19.0,15.0,13.0,14.0,11.0,16.0,43.0,35.0,5.0,38.0,0.0,8.0,23.0,24.0,88.0,14.0,7.0,8.0,11.0,24.0,19.0,17.0,27.0,5.0,14.0,22.0,22.0,22.0,30.0,15.0,27.0,21.0,17.0,13.0,22.0
train/brain_image_0012.jpg,2.0,2.0,12.0,3.0,12.0,21.0,0.0,20.0,0.0,9.0,4.0,15.0,2.0,2.0,12.0,24.0,10.0,2.0,10.0,9.0,16.0,3.0,9.0,4.0,2.0,2.0,9.0,8.0,2.0,7.0,3.0,16.0,2.0,1.0,4.0,14.0,3.0,10.0,0.0,1.0,3.0,2.0,6.0,28.0,6.0,10.0,4.0,5.0,9.0,1.0
train/brain_image_0013.jpg,11.0,7.0,19.0,26.0,36.0,8.0,4.0,14.0,1.0,23.0,4.0,0.0,1.0,4.0,5.0,54.0,26.0,4.0,33.0,7.0,4.0,30.0,49.0,1.0,21.0,0.0,5.0,11.0,3.0,77.0,2.0,10.0,1.0,2.0,13.0,11.0,18.0,18.0,0.0,4.0,16.0,10.0,33.0,13.0,17.0,9.0,2.0,26.0,10.0,12.0
train/brain_image_0014.jpg,22.0,32.0,7.0,18.0,9.0,6.0,18.0,12.0,24.0,15.0,16.0,11.0,27.0,37.0,33.0,1.0,21.0,30.0,15.0,19.0,27.0,4.0,17.0,21.0,34.0,18.0,28.0,9.0,27.0,17.0,10.0,11.0,14.0,23.0,0.0,32.0,11.0,12.0,16.0,33.0,8.0,5.0,21.0,33.0,16.0,11.0,19.0,15.0,19.0,26.0
train/brain_image_0015.jpg,27.0,21.0,3.0,17.0,18.0,16.0,21.0,15.0,19.0,19.0,23.0,14.0,23.0,24.0,35.0,10.0,18.0,28.0,22.0,24.0,27.0,17.0,21.0,29.0,32.0,11.0,21.0,7.0,29.0,12.0,20.0,11.0,18.0,27.0,1.0,32.0,15.0,17.0,22.0,35.0,12.0,7.0,20.0,16.0,17.0,15.0,23.0,10.0,18.0,27.0
train/brain_image_0016.jpg,22.0,35.0,4.0,13.0,12.0,9.0,26.0,8.0,12.0,15.0,18.0,12.0,28.0,26.0,31.0,6.0,21.0,32.0,18.0,12.0,41.0,14.0,18.0,20.0,19.0,12.0,17.0,9.0,41.0,9.0,13.0,8.0,19.0,35.0,4.0,33.0,14.0,15.0,17.0,33.0,14.0,12.0,23.0,22.0,18.0,19.0,22.0,13.0,22.0,20.0
train/brain_image_0017.jpg,26.0,24.0,5.0,27.0,15.0,14.0,27.0,11.0,17.0,14.0,21.0,14.0,24.0,21.0,25.0,5.0,12.0,33.0,10.0,19.0,31.0,12.0,19.0,19.0,18.0,31.0,20.0,9.0,34.0,14.0,11.0,10.0,26.0,27.0,2.0,24.0,13.0,13.0,23.0,32.0,14.0,15.0,10.0,26.0,23.0,12.0,25.0,19.0,29.0,19.0
train/brain_image_0018.jpg,15.0,33.0,6.0,17.0,16.0,7.0,15.0,5.0,18.0,11.0,23.0,12.0,18.0,27.0,26.0,9.0,10.0,27.0,9.0,21.0,31.0,7.0,21.0,23.0,26.0,23.0,28.0,6.0,23.0,17.0,14.0,7.0,28.0,35.0,7.0,23.0,9.0,8.0,10.0,42.0,12.0,15.0,11.0,13.0,17.0,14.0,23.0,8.0,39.0,14.0
train/brain_image_0019.jpg,15.0,24.0,11.0,14.0,14.0,5.0,24.0,10.0,14.0,16.0,9.0,22.0,26.0,21.0,19.0,17.0,7.0,22.0,12.0,11.0,26.0,9.0,12.0,23.0,21.0,11.0,27.0,13.0,27.0,17.0,12.0,6.0,21.0,32.0,5.0,33.0,11.0,5.0,17.0,42.0,6.0,22.0,8.0,17.0,10.0,17.0,25.0,3.0,32.0,17.0
train/brain_image_0020.jpg,10.0,27.0,4.0,14.0,14.0,9.0,19.0,11.0,14.0,11.0,13.0,9.0,24.0,21.0,12.0,1.0,10.0,30.0,11.0,15.0,21.0,8.0,12.0,12.0,15.0,26.0,18.0,4.0,23.0,12.0,13.0,10.0,22.0,15.0,5.0,35.0,9.0,9.0,24.0,24.0,10.0,16.0,7.0,22.0,11.0,11.0,29.0,8.0,17.0,17.0
train/brain_image_0021.jpg,11.0,25.0,10.0,14.0,9.0,20.0,11.0,6.0,25.0,10.0,18.0,15.0,25.0,20.0,25.0,2.0,19.0,23.0,12.0,13.0,25.0,13.0,20.0,20.0,21.0,13.0,20.0,7.0,41.0,14.0,10.0,15.0,21.0,18.0,3.0,26.0,12.0,19.0,16.0,38.0,11.0,14.0,13.0,24.0,16.0,8.0,31.0,13.0,23.0,14.0
train/brain_image_0022.jpg,4.0,4.0,13.0,10.0,12.0,5.0,6.0,46.0,7.0,4.0,8.0,1.0,5.0,5.0,5.0,67.0,17.0,2.0,14.0,11.0,3.0,8.0,12.0,0.0,8.0,3.0,3.0,9.0,1.0,29.0,10.0,4.0,6.0,2.0,13.0,4.0,8.0,6.0,9.0,3.0,27.0,15.0,57.0,10.0,9.0,22.0,4.0,20.0,0.0,3.0
train/brain_image_0023.jpg,19.0,3.0,18.0,20.0,11.0,11.0,9.0,25.0,3.0,9.0,6.0,4.0,8.0,2.0,15.0,16.0,14.0,3.0,20.0,11.0,9.0,30.0,18.0,3.0,16.0,4.0,2.0,21.0,5.0,13.0,5.0,5.0,7.0,3.0,18.0,4.0,24.0,10.0,4.0,6.0,20.0,10.0,25.0,6.0,15.0,42.0,2.0,12.0,9.0,5.0
train/brain_image_0025.jpg,2.0,17.0,8.0,5.0,11.0,23.0,0.0,47.0,0.0,8.0,8.0,57.0,15.0,8.0,29.0,5.0,19.0,13.0,19.0,27.0,19.0,5.0,6.0,19.0,5.0,3.0,2.0,2.0,3.0,2.0,4.0,179.0,1.0,9.0,2.0,77.0,16.0,13.0,2.0,6.0,17.0,2.0,16.0,26.0,20.0,15.0,6.0,17.0,8.0,6.0
train/brain_image_0026.jpg,4.0,7.0,2.0,4.0,3.0,0.0,10.0,5.0,21.0,1.0,10.0,0.0,8.0,3.0,0.0,4.0,2.0,2.0,2.0,7.0,2.0,6.0,3.0,3.0,7.0,6.0,17.0,7.0,8.0,4.0,6.0,0.0,14.0,2.0,12.0,1.0,3.0,3.0,6.0,1.0,3.0,26.0,0.0,1.0,1.0,14.0,3.0,1.0,2.0,4.0
train/brain_image_0027.jpg,12.0,7.0,12.0,21.0,22.0,3.0,1.0,7.0,37.0,13.0,11.0,0.0,5.0,7.0,3.0,17.0,14.0,2.0,24.0,10.0,5.0,10.0,15.0,2.0,16.0,0.0,9.0,1.0,8.0,23.0,5.0,6.0,15.0,3.0,8.0,7.0,17.0,9.0,3.0,1.0,13.0,53.0,28.0,2.0,8.0,7.0,8.0,11.0,5.0,12.0
train/brain_image_0028.jpg,27.0,9.0,11.0,12.0,15.0,6.0,12.0,33.0,3.0,17.0,28.0,27.0,36.0,14.0,22.0,0.0,26.0,8.0,13.0,40.0,22.0,9.0,13.0,20.0,12.0,11.0,6.0,27.0,26.0,3.0,30.0,12.0,12.0,27.0,32.0,32.0,24.0,7.0,26.0,23.0,8.0,10.0,19.0,15.0,15.0,33.0,16.0,6.0,13.0,27.0
train/brain_image_0029.jpg,11.0,16.0,15.0,4.0,6.0,1.0,5.0,6.0,36.0,2.0,17.0,2.0,3.0,7.0,6.0,4.0,8.0,5.0,4.0,12.0,3.0,9.0,7.0,8.0,10.0,3.0,26.0,9.0,8.0,5.0,9.0,1.0,17.0,6.0,9.0,13.0,6.0,7.0,8.0,5.0,5.0,30.0,6.0,3.0,6.0,9.0,5.0,7.0,0.0,5.0
train/brain_image_0030.jpg,16.0,7.0,4.0,5.0,4.0,2.0,28.0,5.0,12.0,9.0,26.0,9.0,38.0,28.0,9.0,4.0,5.0,1.0,2.0,12.0,10.0,2.0,1.0,59.0,5.0,29.0,17.0,6.0,27.0,5.0,8.0,4.0,27.0,57.0,3.0,31.0,7.0,6.0,31.0,31.0,1.0,11.0,2.0,5.0,4.0,9.0,28.0,1.0,1.0,13.0
train/brain_image_0031.jpg,47.0,24.0,21.0,32.0,31.0,5.0,10.0,6.0,6.0,47.0,19.0,24.0,35.0,18.0,23.0,12.0,41.0,13.0,39.0,24.0,20.0,18.0,30.0,18.0,41.0,12.0,13.0,3.0,30.0,31.0,26.0,22.0,26.0,17.0,2.0,18.0,13.0,27.0,18.0,20.0,9.0,14.0,34.0,18.0,13.0,22.0,22.0,7.0,19.0,49.0
train/brain_image_0032.jpg,5.0,5.0,2.0,7.0,8.0,11.0,0.0,10.0,2.0,3.0,3.0,3.0,0.0,3.0,11.0,54.0,6.0,7.0,2.0,1.0,3.0,18.0,1.0,1.0,8.0,0.0,1.0,1.0,0.0,24.0,0.0,1.0,0.0,0.0,0.0,1.0,16.0,9.0,2.0,4.0,23.0,4.0,12.0,7.0,3.0,20.0,1.0,25.0,3.0,4.0
train/brain_image_0033.jpg,4.0,16.0,4.0,4.0,2.0,1.0,1.0,5.0,50.0,2.0,6.0,1.0,2.0,14.0,3.0,3.0,3.0,6.0,6.0,5.0,9.0,3.0,3.0,8.0,8.0,3.0,16.0,4.0,10.0,1.0,5.0,4.0,14.0,7.0,12.0,8.0,7.0,2.0,7.0,9.0,0.0,50.0,8.0,5.0,4.0,8.0,12.0,4.0,8.0,5.0
train/brain_image_0034.jpg,8.0,11.0,11.0,28.0,12.0,6.0,3.0,3.0,16.0,15.0,7.0,1.0,4.0,15.0,9.0,8.0,7.0,12.0,9.0,1.0,4.0,15.0,7.0,2.0,13.0,1.0,10.0,1.0,8.0,12.0,5.0,2.0,11.0,6.0,2.0,6.0,8.0,5.0,3.0,6.0,4.0,41.0,13.0,10.0,14.0,1.0,11.0,6.0,14.0,13.0
train/brain_image_0035.jpg,8.0,16.0,6.0,11.0,16.0,3.0,7.0,5.0,20.0,9.0,7.0,2.0,4.0,13.0,6.0,9.0,8.0,10.0,8.0,6.0,11.0,17.0,5.0,3.0,14.0,3.0,21.0,1.0,9.0,2.0,3.0,3.0,9.0,4.0,3.0,6.0,5.0,12.0,4.0,12.0,6.0,54.0,13.0,14.0,16.0,5.0,13.0,9.0,13.0,6.0
train/brain_image_0036.jpg,7.0,13.0,5.0,5.0,2.0,1.0,1.0,1.0,34.0,6.0,7.0,3.0,1.0,12.0,3.0,8.0,2.0,10.0,5.0,4.0,3.0,5.0,9.0,5.0,7.0,4.0,11.0,4.0,10.0,8.0,5.0,2.0,15.0,5.0,5.0,9.0,10.0,7.0,1.0,6.0,4.0,46.0,6.0,5.0,7.0,10.0,8.0,3.0,9.0,12.0
train/brain_image_0037.jpg,10.0,20.0,8.0,12.0,4.0,1.0,0.0,4.0,15.0,6.0,7.0,2.0,4.0,16.0,11.0,6.0,5.0,8.0,7.0,8.0,6.0,3.0,7.0,4.0,15.0,2.0,15.0,5.0,10.0,7.0,6.0,0.0,10.0,12.0,4.0,4.0,6.0,9.0,5.0,11.0,4.0,54.0,10.0,8.0,7.0,3.0,17.0,7.0,5.0,4.0
train/brain_image_0038.jpg,12.0,10.0,13.0,6.0,18.0,3.0,8.0,22.0,4.0,5.0,12.0,5.0,9.0,9.0,10.0,5.0,20.0,1.0,9.0,20.0,20.0,4.0,8.0,5.0,10.0,6.0,6.0,13.0,6.0,12.0,11.0,1.0,13.0,6.0,20.0,13.0,15.0,9.0,7.0,9.0,16.0,10.0,7.0,13.0,14.0,19.0,7.0,5.0,10.0,11.0
train/brain_image_0039.jpg,3.0,5.0,10.0,13.0,16.0,14.0,2.0,9.0,0.0,14.0,4.0,1.0,7.0,2.0,13.0,47.0,15.0,0.0,19.0,4.0,15.0,24.0,21.0,0.0,9.0,3.0,4.0,0.0,2.0,22.0,1.0,4.0,1.0,7.0,1.0,6.0,15.0,17.0,1.0,0.0,1.0,13.0,34.0,19.0,14.0,7.0,0.0,4.0,5.0,6.0
train/brain_image_0040.jpg,25.0,12.0,12.0,13.0,4.0,5.0,3.0,22.0,1.0,13.0,19.0,21.0,30.0,17.0,16.0,1.0,16.0,11.0,12.0,22.0,22.0,8.0,7.0,9.0,20.0,8.0,4.0,17.0,13.0,8.0,15.0,11.0,6.0,18.0,43.0,23.0,16.0,18.0,8.0,15.0,15.0,13.0,19.0,14.0,15.0,38.0,13.0,11.0,18.0,18.0
train/brain_image_0041.jpg,14.0,14.0,3.0,37.0,23.0,14.0,1.0,10.0,3.0,20.0,6.0,3.0,3.0,6.0,20.0,89.0,17.0,4.0,43.0,12.0,20.0,63.0,22.0,1.0,33.0,0.0,8.0,6.0,3.0,37.0,3.0,11.0,4.0,0.0,7.0,17.0,28.0,25.0,1.0,3.0,5.0,1.0,60.0,39.0,13.0,11.0,3.0,7.0,13.0,25.0
train/brain_image_0042.jpg,11.0,10.0,19.0,10.0,11.0,3.0,1.0,34.0,6.0,10.0,9.0,3.0,5.0,7.0,6.0,6.0,13.0,3.0,12.0,7.0,6.0,5.0,15.0,2.0,11.0,6.0,7.0,0.0,8.0,8.0,7.0,5.0,11.0,1.0,5.0,8.0,9.0,8.0,1.0,4.0,26.0,30.0,5.0,11.0,13.0,9.0,8.0,37.0,11.0,11.0
train/brain_image_0043.jpg,15.0,23.0,8.0,18.0,42.0,19.0,9.0,17.0,3.0,20.0,15.0,11.0,14.0,5.0,35.0,26.0,19.0,9.0,29.0,17.0,31.0,33.0,25.0,6.0,18.0,8.0,9.0,14.0,11.0,21.0,18.0,13.0,10.0,11.0,7.0,25.0,25.0,12.0,3.0,6.0,11.0,10.0,37.0,26.0,18.0,31.0,3.0,9.0,26.0,15.0
train/brain_image_0044.jpg,19.0,10.0,8.0,3.0,4.0,1.0,40.0,5.0,15.0,10.0,21.0,9.0,33.0,19.0,5.0,1.0,11.0,4.0,14.0,12.0,19.0,0.0,5.0,32.0,5.0,21.0,11.0,6.0,18.0,0.0,9.0,4.0,24.0,34.0,2.0,19.0,4.0,7.0,31.0,30.0,3.0,8.0,8.0,2.0,6.0,8.0,20.0,2.0,6.0,23.0
train/brain_image_0045.jpg,4.0,8.0,4.0,9.0,20.0,24.0,0.0,47.0,0.0,20.0,2.0,4.0,2.0,7.0,26.0,24.0,23.0,10.0,17.0,12.0,28.0,7.0,23.0,4.0,15.0,1.0,0.0,5.0,4.0,17.0,1.0,17.0,3.0,3.0,0.0,4.0,15.0,33.0,0.0,2.0,43.0,2.0,38.0,35.0,21.0,36.0,3.0,44.0,2.0,5.0
train/brain_image_0047.jpg,5.0,16.0,3.0,9.0,4.0,4.0,4.0,3.0,20.0,2.0,16.0,3.0,10.0,11.0,10.0,2.0,4.0,4.0,6.0,5.0,6.0,5.0,8.0,11.0,5.0,5.0,20.0,3.0,12.0,20.0,6.0,0.0,14.0,8.0,4.0,17.0,4.0,0.0,2.0,17.0,4.0,35.0,9.0,6.0,4.0,13.0,14.0,6.0,14.0,9.0
train/brain_image_0048.jpg,2.0,14.0,4.0,6.0,4.0,6.0,11.0,3.0,13.0,15.0,11.0,10.0,15.0,7.0,11.0,18.0,6.0,12.0,12.0,1.0,8.0,11.0,6.0,9.0,14.0,25.0,6.0,3.0,10.0,16.0,7.0,8.0,13.0,12.0,5.0,8.0,6.0,15.0,9.0,9.0,3.0,12.0,15.0,11.0,7.0,1.0,10.0,7.0,12.0,10.0
train/brain_image_0049.jpg,1.0,1.0,3.0,2.0,2.0,1.0,0.0,3.0,12.0,1.0,6.0,0.0,2.0,2.0,0.0,1.0,0.0,4.0,1.0,0.0,1.0,1.0,1.0,0.0,0.0,0.0,1.0,5.0,3.0,1.0,1.0,0.0,10.0,1.0,25.0,1.0,4.0,0.0,3.0,0.0,0.0,23.0,1.0,0.0,2.0,3.0,0.0,4.0,2.0,0.0
train/brain_image_0050.jpg,7.0,32.0,2.0,23.0,14.0,58.0,0.0,16.0,0.0,11.0,2.0,7.0,7.0,2.0,31.0,65.0,18.0,28.0,17.0,6.0,24.0,33.0,16.0,5.0,18.0,0.0,0.0,4.0,3.0,6.0,4.0,28.0,1.0,2.0,1.0,20.0,43.0,16.0,0.0,4.0,38.0,0.0,43.0,41.0,27.0,15.0,5.0,23.0,9.0,7.0
train/brain_image_0051.jpg,22.0,19.0,4.0,41.0,33.0,2.0,3.0,6.0,0.0,19.0,63.0,53.0,31.0,73.0,37.0,25.0,13.0,9.0,19.0,22.0,43.0,27.0,15.0,212.0,50.0,15.0,16.0,3.0,27.0,43.0,11.0,16.0,6.0,26.0,1.0,119.0,23.0,24.0,45.0,38.0,8.0,1.0,43.0,29.0,27.0,16.0,66.0,19.0,19.0,21.0
train/brain_image_0052.jpg,19.0,8.0,14.0,6.0,20.0,6.0,15.0,28.0,16.0,8.0,13.0,13.0,11.0,14.0,5.0,5.0,10.0,9.0,11.0,24.0,8.0,7.0,16.0,7.0,8.0,5.0,10.0,41.0,12.0,21.0,19.0,5.0,6.0,3.0,38.0,5.0,15.0,12.0,11.0,8.0,19.0,39.0,9.0,8.0,9.0,41.0,10.0,15.0,11.0,11.0
train/brain_image_0053.jpg,18.0,45.0,5.0,10.0,14.0,80.0,16.0,5.0,1.0,10.0,26.0,13.0,31.0,21.0,64.0,3.0,7.0,68.0,8.0,4.0,45.0,20.0,13.0,5.0,18.0,42.0,8.0,7.0,25.0,10.0,13.0,5.0,14.0,47.0,18.0,13.0,9.0,21.0,2.0,41.0,20.0,1.0,10.0,27.0,9.0,8.0,11.0,19.0,40.0,15.0
train/brain_image_0054.jpg,20.0,20.0,5.0,14.0,8.0,6.0,15.0,4.0,17.0,8.0,16.0,4.0,33.0,29.0,8.0,15.0,3.0,16.0,12.0,12.0,15.0,17.0,9.0,23.0,20.0,11.0,23.0,25.0,11.0,13.0,16.0,1.0,14.0,25.0,6.0,9.0,9.0,7.0,13.0,13.0,3.0,21.0,8.0,4.0,3.0,6.0,25.0,3.0,34.0,19.0
train/brain_image_0055.jpg,5.0,8.0,6.0,2.0,5.0,8.0,45.0,7.0,3.0,1.0,15.0,17.0,34.0,4.0,7.0,0.0,1.0,18.0,2.0,12.0,8.0,6.0,2.0,22.0,5.0,67.0,36.0,9.0,43.0,3.0,9.0,2.0,13.0,24.0,4.0,12.0,1.0,0.0,7.0,27.0,5.0,3.0,2.0,4.0,8.0,10.0,4.0,2.0,13.0,2.0
train/brain_image_0056.jpg,10.0,7.0,6.0,12.0,18.0,13.0,1.0,7.0,0.0,17.0,10.0,2.0,5.0,8.0,17.0,13.0,24.0,2.0,23.0,11.0,14.0,8.0,14.0,3.0,11.0,4.0,6.0,11.0,2.0,11.0,3.0,10.0,2.0,7.0,18.0,11.0,16.0,16.0,2.0,2.0,5.0,8.0,39.0,13.0,11.0,7.0,7.0,5.0,11.0,11.0
train/brain_image_0057.jpg,29.0,26.0,25.0,25.0,21.0,16.0,15.0,45.0,7.0,28.0,16.0,9.0,31.0,31.0,19.0,18.0,23.0,11.0,25.0,18.0,25.0,31.0,20.0,7.0,25.0,7.0,12.0,16.0,30.0,23.0,11.0,15.0,7.0,18.0,41.0,31.0,19.0,33.0,16.0,29.0,32.0,39.0,30.0,30.0,25.0,21.0,24.0,28.0,26.0,26.0
train/brain_image_0058.jpg,17.0,17.0,10.0,4.0,14.0,15.0,4.0,10.0,3.0,12.0,18.0,7.0,19.0,19.0,12.0,22.0,11.0,7.0,20.0,11.0,17.0,21.0,14.0,10.0,15.0,3.0,27.0,16.0,12.0,14.0,9.0,13.0,7.0,22.0,31.0,30.0,9.0,17.0,10.0,13.0,5.0,12.0,7.0,19.0,7.0,12.0,9.0,6.0,14.0,6.0
train/brain_image_0059.jpg,8.0,13.0,29.0,28.0,39.0,15.0,1.0,24.0,0.0,9.0,9.0,6.0,13.0,3.0,19.0,19.0,15.0,6.0,14.0,6.0,17.0,45.0,19.0,7.0,28.0,9.0,18.0,21.0,10.0,32.0,9.0,9.0,8.0,9.0,12.0,16.0,13.0,8.0,1.0,7.0,23.0,14.0,17.0,21.0,21.0,13.0,3.0,22.0,30.0,10.0
train/brain_image_0060.jpg,13.0,13.0,27.0,11.0,7.0,25.0,5.0,23.0,6.0,12.0,6.0,5.0,13.0,13.0,20.0,20.0,6.0,11.0,12.0,12.0,9.0,16.0,14.0,1.0,20.0,12.0,12.0,9.0,10.0,22.0,14.0,8.0,10.0,10.0,8.0,7.0,16.0,13.0,11.0,9.0,7.0,8.0,10.0,14.0,5.0,21.0,5.0,12.0,11.0,6.0
train/brain_image_0061.jpg,11.0,8.0,26.0,28.0,39.0,6.0,4.0,10.0,9.0,11.0,15.0,2.0,9.0,8.0,6.0,52.0,18.0,1.0,25.0,10.0,6.0,22.0,35.0,2.0,23.0,1.0,19.0,15.0,7.0,63.0,6.0,1.0,9.0,13.0,39.0,13.0,19.0,11.0,6.0,6.0,15.0,37.0,31.0,17.0,18.0,6.0,10.0,14.0,9.0,10.0
train/brain_image_0062.jpg,6.0,6.0,25.0,17.0,24.0,7.0,0.0,5.0,7.0,18.0,2.0,0.0,2.0,2.0,16.0,65.0,13.0,6.0,11.0,2.0,7.0,26.0,12.0,0.0,16.0,0.0,2.0,8.0,1.0,45.0,2.0,9.0,7.0,0.0,19.0,0.0,14.0,24.0,0.0,0.0,13.0,24.0,35.0,15.0,20.0,5.0,3.0,17.0,6.0,5.0
train/brain_image_0063.jpg,8.0,22.0,6.0,13.0,15.0,44.0,9.0,33.0,1.0,8.0,3.0,8.0,2.0,13.0,8.0,22.0,10.0,21.0,11.0,9.0,8.0,21.0,23.0,3.0,15.0,5.0,12.0,13.0,8.0,21.0,8.0,4.0,6.0,6.0,6.0,9.0,7.0,13.0,2.0,13.0,8.0,6.0,8.0,12.0,7.0,10.0,9.0,11.0,10.0,6.0
train/brain_image_0064.jpg,10.0,14.0,28.0,21.0,30.0,15.0,4.0,11.0,5.0,20.0,5.0,1.0,7.0,4.0,14.0,27.0,18.0,10.0,20.0,11.0,16.0,22.0,26.0,0.0,33.0,3.0,14.0,12.0,3.0,43.0,18.0,6.0,8.0,6.0,7.0,9.0,11.0,21.0,1.0,8.0,9.0,13.0,22.0,12.0,17.0,13.0,3.0,10.0,16.0,17.0
train/brain_image_0065.jpg,9.0,8.0,17.0,23.0,23.0,4.0,6.0,9.0,3.0,13.0,5.0,2.0,5.0,3.0,7.0,17.0,13.0,3.0,13.0,13.0,8.0,15.0,23.0,2.0,14.0,10.0,7.0,34.0,2.0,32.0,13.0,4.0,8.0,4.0,15.0,5.0,19.0,13.0,8.0,8.0,11.0,5.0,14.0,7.0,15.0,11.0,6.0,5.0,15.0,9.0
train/brain_image_0066.jpg,7.0,24.0,5.0,22.0,14.0,16.0,1.0,9.0,10.0,11.0,10.0,4.0,15.0,6.0,13.0,29.0,6.0,9.0,9.0,6.0,25.0,21.0,7.0,7.0,22.0,3.0,2.0,18.0,12.0,8.0,10.0,7.0,7.0,13.0,62.0,13.0,20.0,10.0,6.0,6.0,5.0,15.0,15.0,19.0,27.0,9.0,9.0,7.0,20.0,12.0
train/brain_image_0068.jpg,12.0,9.0,17.0,7.0,5.0,2.0,51.0,6.0,24.0,7.0,17.0,9.0,29.0,21.0,10.0,2.0,8.0,3.0,7.0,13.0,10.0,0.0,7.0,23.0,7.0,30.0,11.0,5.0,31.0,19.0,18.0,8.0,26.0,31.0,20.0,21.0,3.0,15.0,32.0,26.0,9.0,22.0,7.0,9.0,6.0,10.0,21.0,11.0,6.0,14.0
train/brain_image_0069.jpg,8.0,11.0,4.0,10.0,4.0,4.0,7.0,4.0,23.0,4.0,9.0,0.0,10.0,8.0,3.0,1.0,3.0,5.0,2.0,4.0,8.0,4.0,5.0,8.0,9.0,18.0,19.0,5.0,7.0,7.0,10.0,0.0,24.0,18.0,11.0,8.0,2.0,3.0,11.0,7.0,2.0,36.0,4.0,2.0,4.0,7.0,10.0,1.0,8.0,3.0
train/brain_image_0070.jpg,13.0,36.0,10.0,31.0,31.0,9.0,4.0,5.0,23.0,13.0,13.0,4.0,9.0,15.0,15.0,25.0,26.0,17.0,22.0,8.0,7.0,20.0,31.0,8.0,37.0,18.0,31.0,0.0,21.0,52.0,5.0,5.0,26.0,13.0,7.0,28.0,17.0,10.0,3.0,17.0,10.0,41.0,21.0,20.0,15.0,8.0,16.0,17.0,32.0,19.0
train/brain_image_0071.jpg,11.0,6.0,4.0,6.0,6.0,1.0,4.0,5.0,2.0,3.0,2.0,4.0,3.0,8.0,4.0,12.0,4.0,2.0,6.0,6.0,5.0,10.0,9.0,4.0,9.0,2.0,6.0,10.0,6.0,15.0,6.0,7.0,3.0,1.0,16.0,11.0,13.0,3.0,2.0,12.0,10.0,8.0,14.0,9.0,12.0,9.0,10.0,9.0,8.0,5.0
train/brain_image_0072.jpg,6.0,7.0,2.0,19.0,18.0,3.0,5.0,7.0,9.0,8.0,12.0,4.0,5.0,7.0,9.0,5.0,5.0,10.0,8.0,4.0,13.0,13.0,12.0,2.0,9.0,3.0,1.0,8.0,6.0,6.0,5.0,5.0,6.0,10.0,36.0,20.0,14.0,6.0,3.0,2.0,8.0,15.0,24.0,11.0,16.0,6.0,6.0,10.0,18.0,8.0
train/brain_image_0073.jpg,13.0,29.0,4.0,22.0,18.0,9.0,16.0,3.0,7.0,14.0,19.0,0.0,13.0,9.0,6.0,31.0,7.0,14.0,14.0,3.0,16.0,23.0,16.0,2.0,32.0,13.0,21.0,23.0,12.0,33.0,11.0,1.0,22.0,15.0,4.0,7.0,9.0,8.0,15.0,13.0,4.0,16.0,11.0,10.0,15.0,9.0,9.0,7.0,27.0,16.0
train/brain_image_0074.jpg,4.0,6.0,12.0,2.0,5.0,4.0,4.0,13.0,12.0,2.0,8.0,6.0,4.0,6.0,5.0,14.0,1.0,2.0,5.0,4.0,4.0,3.0,7.0,1.0,2.0,4.0,6.0,4.0,4.0,12.0,6.0,10.0,9.0,7.0,32.0,2.0,1.0,4.0,7.0,3.0,3.0,19.0,2.0,6.0,3.0,5.0,5.0,1.0,6.0,6.0
train/brain_image_0075.jpg,2.0,22.0,2.0,6.0,7.0,48.0,3.0,24.0,21.0,3.0,4.0,3.0,5.0,0.0,7.0,17.0,7.0,49.0,5.0,3.0,3.0,8.0,7.0,2.0,6.0,5.0,3.0,1.0,2.0,3.0,12.0,1.0,4.0,4.0,5.0,6.0,4.0,2.0,1.0,8.0,7.0,18.0,4.0,4.0,3.0,8.0,4.0,5.0,9.0,1.0
train/brain_image_0076.jpg,2.0,3.0,8.0,2.0,2.0,0.0,6.0,0.0,27.0,1.0,7.0,0.0,8.0,3.0,2.0,2.0,4.0,11.0,3.0,4.0,3.0,6.0,3.0,9.0,1.0,9.0,0.0,0.0,3.0,7.0,10.0,0.0,13.0,12.0,16.0,4.0,4.0,1.0,2.0,1.0,2.0,36.0,1.0,3.0,2.0,6.0,4.0,1.0,5.0,2.0
train/brain_image_0077.jpg,16.0,18.0,13.0,32.0,23.0,2.0,11.0,9.0,32.0,18.0,31.0,9.0,18.0,16.0,7.0,24.0,10.0,3.0,14.0,13.0,12.0,19.0,24.0,16.0,26.0,9.0,33.0,4.0,13.0,24.0,15.0,5.0,41.0,17.0,14.0,22.0,12.0,16.0,13.0,10.0,16.0,31.0,17.0,16.0,15.0,15.0,17.0,7.0,22.0,15.0
train/brain_image_0078.jpg,9.0,16.0,17.0,14.0,8.0,12.0,8.0,8.0,17.0,9.0,8.0,1.0,6.0,2.0,9.0,37.0,8.0,16.0,10.0,10.0,12.0,38.0,15.0,4.0,18.0,8.0,5.0,23.0,6.0,29.0,7.0,4.0,8.0,4.0,21.0,4.0,12.0,14.0,2.0,3.0,20.0,45.0,19.0,7.0,7.0,24.0,1.0,17.0,12.0,12.0
train/brain_image_0079.jpg,14.0,14.0,17.0,24.0,24.0,1.0,0.0,8.0,40.0,15.0,14.0,2.0,8.0,9.0,10.0,31.0,22.0,1.0,33.0,9.0,6.0,13.0,16.0,0.0,25.0,1.0,16.0,4.0,7.0,25.0,9.0,5.0,14.0,8.0,9.0,19.0,20.0,8.0,1.0,14.0,16.0,48.0,32.0,6.0,14.0,11.0,10.0,7.0,24.0,16.0
train/brain_image_0080.jpg,31.0,20.0,19.0,31.0,39.0,3.0,4.0,13.0,3.0,24.0,20.0,8.0,16.0,20.0,13.0,17.0,44.0,12.0,29.0,29.0,16.0,16.0,28.0,9.0,44.0,13.0,15.0,4.0,20.0,23.0,7.0,14.0,7.0,21.0,3.0,32.0,26.0,17.0,8.0,28.0,17.0,15.0,45.0,15.0,29.0,20.0,16.0,19.0,38.0,32.0
train/brain_image_0081.jpg,20.0,25.0,7.0,21.0,27.0,9.0,6.0,10.0,6.0,21.0,19.0,10.0,13.0,13.0,18.0,15.0,11.0,16.0,20.0,4.0,14.0,36.0,31.0,4.0,20.0,4.0,14.0,9.0,10.0,27.0,8.0,0.0,7.0,7.0,24.0,12.0,12.0,24.0,4.0,16.0,8.0,9.0,15.0,31.0,12.0,8.0,12.0,9.0,20.0,23.0
train/brain_image_0082.jpg,4.0,18.0,1.0,17.0,1.0,12.0,0.0,0.0,5.0,2.0,5.0,0.0,4.0,2.0,9.0,18.0,2.0,24.0,3.0,1.0,5.0,14.0,4.0,6.0,9.0,9.0,13.0,4.0,4.0,8.0,3.0,0.0,14.0,10.0,2.0,1.0,4.0,3.0,4.0,6.0,2.0,6.0,4.0,3.0,6.0,4.0,3.0,4.0,15.0,2.0
train/brain_image_0083.jpg,13.0,12.0,32.0,31.0,44.0,4.0,2.0,16.0,5.0,20.0,6.0,1.0,11.0,8.0,16.0,31.0,23.0,5.0,25.0,13.0,10.0,18.0,29.0,0.0,31.0,2.0,8.0,11.0,6.0,36.0,10.0,6.0,15.0,4.0,39.0,6.0,34.0,16.0,1.0,4.0,34.0,30.0,43.0,11.0,23.0,17.0,9.0,22.0,8.0,15.0
train/brain_image_0084.jpg,6.0,13.0,29.0,22.0,19.0,5.0,0.0,14.0,2.0,8.0,4.0,0.0,0.0,6.0,8.0,20.0,19.0,6.0,10.0,9.0,8.0,19.0,30.0,2.0,24.0,0.0,9.0,18.0,5.0,32.0,4.0,3.0,5.0,3.0,26.0,11.0,10.0,8.0,3.0,5.0,16.0,16.0,22.0,8.0,9.0,16.0,5.0,17.0,8.0,3.0
train/brain_image_0085.jpg,9.0,20.0,12.0,14.0,31.0,12.0,10.0,14.0,0.0,13.0,14.0,3.0,15.0,5.0,21.0,16.0,23.0,15.0,13.0,11.0,17.0,20.0,26.0,3.0,17.0,8.0,9.0,6.0,10.0,45.0,3.0,7.0,3.0,13.0,4.0,21.0,14.0,17.0,3.0,9.0,5.0,1.0,15.0,25.0,18.0,3.0,6.0,3.0,24.0,8.0
train/brain_image_0086.jpg,7.0,18.0,0.0,6.0,8.0,4.0,7.0,4.0,2.0,4.0,20.0,12.0,25.0,19.0,16.0,0.0,8.0,8.0,7.0,10.0,23.0,0.0,8.0,20.0,13.0,12.0,23.0,0.0,16.0,0.0,5.0,6.0,13.0,16.0,0.0,31.0,6.0,4.0,4.0,24.0,3.0,6.0,9.0,17.0,4.0,6.0,22.0,2.0,8.0,13.0
train/brain_image_0087.jpg,18.0,33.0,14.0,14.0,29.0,17.0,25.0,9.0,33.0,14.0,13.0,5.0,17.0,21.0,13.0,10.0,14.0,16.0,18.0,16.0,11.0,18.0,24.0,12.0,28.0,25.0,32.0,18.0,21.0,22.0,12.0,10.0,22.0,16.0,11.0,17.0,13.0,10.0,3.0,22.0,9.0,21.0,12.0,11.0,18.0,16.0,16.0,9.0,24.0,12.0
train/brain_image_0088.jpg,0.0,7.0,3.0,3.0,0.0,0.0,0.0,1.0,11.0,0.0,4.0,0.0,0.0,1.0,1.0,4.0,2.0,3.0,0.0,0.0,0.0,2.0,2.0,2.0,3.0,0.0,4.0,4.0,1.0,3.0,2.0,0.0,2.0,1.0,1.0,0.0,2.0,0.0,0.0,3.0,2.0,23.0,1.0,1.0,3.0,2.0,2.0,4.0,2.0,1.0
train/brain_image_0089.jpg,0.0,1.0,1.0,5.0,2.0,0.0,1.0,0.0,8.0,0.0,0.0,0.0,0.0,4.0,0.0,4.0,0.0,0.0,1.0,0.0,0.0,3.0,0.0,1.0,2.0,0.0,5.0,2.0,2.0,4.0,1.0,0.0,5.0,2.0,0.0,0.0,2.0,0.0,0.0,2.0,0.0,19.0,1.0,0.0,0.0,1.0,0.0,3.0,0.0,0.0
train/brain_image_0090.jpg,0.0,3.0,0.0,2.0,0.0,0.0,0.0,1.0,12.0,0.0,0.0,0.0,2.0,4.0,0.0,3.0,0.0,0.0,0.0,0.0,0.0,1.0,0.0,0.0,0.0,0.0,4.0,2.0,3.0,1.0,2.0,0.0,6.0,0.0,0.0,0.0,0.0,0.0,0.0,0.0,0.0,23.0,0.0,0.0,3.0,3.0,2.0,0.0,0.0,1.0
train/brain_image_0091.jpg,0.0,0.0,7.0,0.0,2.0,0.0,1.0,0.0,11.0,0.0,1.0,0.0,1.0,1.0,1.0,4.0,0.0,0.0,0.0,0.0,0.0,3.0,3.0,0.0,3.0,0.0,5.0,0.0,2.0,1.0,0.0,0.0,2.0,1.0,2.0,1.0,2.0,0.0,0.0,0.0,2.0,27.0,0.0,0.0,3.0,2.0,1.0,2.0,0.0,3.0
train/brain_image_0092.jpg,2.0,3.0,6.0,0.0,1.0,0.0,0.0,0.0,3.0,0.0,2.0,0.0,1.0,3.0,1.0,1.0,2.0,1.0,0.0,0.0,0.0,4.0,2.0,1.0,0.0,1.0,8.0,0.0,1.0,2.0,1.0,0.0,8.0,2.0,1.0,1.0,3.0,0.0,2.0,1.0,1.0,28.0,1.0,0.0,2.0,1.0,2.0,2.0,0.0,3.0
train/brain_image_0093.jpg,1.0,4.0,1.0,8.0,0.0,0.0,0.0,0.0,11.0,1.0,0.0,0.0,3.0,4.0,0.0,2.0,2.0,1.0,0.0,2.0,0.0,4.0,0.0,0.0,3.0,1.0,6.0,4.0,2.0,1.0,1.0,0.0,9.0,2.0,0.0,0.0,0.0,1.0,1.0,3.0,1.0,13.0,1.0,0.0,0.0,2.0,3.0,1.0,3.0,0.0
train/brain_image_0094.jpg,2.0,8.0,3.0,3.0,1.0,0.0,0.0,0.0,12.0,0.0,5.0,1.0,3.0,3.0,0.0,0.0,0.0,2.0,0.0,0.0,0.0,3.0,4.0,0.0,4.0,4.0,16.0,4.0,2.0,5.0,3.0,0.0,3.0,0.0,1.0,0.0,1.0,0.0,1.0,2.0,0.0,22.0,0.0,0.0,0.0,3.0,1.0,1.0,2.0,2.0
train/brain_image_0095.jpg,1.0,5.0,1.0,7.0,1.0,0.0,1.0,1.0,6.0,0.0,3.0,0.0,1.0,6.0,0.0,4.0,1.0,0.0,1.0,1.0,1.0,8.0,7.0,0.0,3.0,1.0,11.0,2.0,1.0,10.0,2.0,0.0,5.0,1.0,0.0,2.0,2.0,3.0,0.0,1.0,2.0,19.0,1.0,0.0,1.0,2.0,3.0,2.0,2.0,1.0
train/brain_image_0096.jpg,0.0,5.0,1.0,2.0,2.0,0.0,0.0,0.0,4.0,0.0,1.0,0.0,0.0,1.0,1.0,2.0,0.0,2.0,2.0,1.0,2.0,3.0,2.0,0.0,2.0,2.0,8.0,0.0,3.0,2.0,0.0,0.0,3.0,2.0,0.0,2.0,4.0,0.0,1.0,4.0,4.0,19.0,0.0,0.0,5.0,0.0,1.0,4.0,0.0,1.0
train/brain_image_0097.jpg,0.0,9.0,1.0,2.0,0.0,0.0,0.0,0.0,13.0,0.0,0.0,0.0,1.0,4.0,0.0,2.0,0.0,2.0,0.0,1.0,0.0,3.0,3.0,0.0,3.0,0.0,12.0,1.0,2.0,5.0,1.0,1.0,4.0,1.0,2.0,0.0,3.0,0.0,0.0,3.0,0.0,15.0,0.0,0.0,3.0,0.0,4.0,2.0,2.0,0.0
train/brain_image_0098.jpg,0.0,13.0,1.0,3.0,0.0,0.0,0.0,0.0,13.0,0.0,1.0,0.0,1.0,3.0,0.0,4.0,0.0,0.0,1.0,0.0,2.0,3.0,2.0,1.0,2.0,0.0,8.0,2.0,2.0,5.0,1.0,0.0,3.0,1.0,2.0,0.0,3.0,0.0,0.0,1.0,1.0,23.0,0.0,0.0,1.0,1.0,3.0,2.0,0.0,0.0
train/brain_image_0024.jpg,6.0,7.0,15.0,6.0,11.0,13.0,1.0,38.0,0.0,18.0,5.0,5.0,3.0,4.0,29.0,33.0,19.0,5.0,12.0,7.0,20.0,18.0,18.0,1.0,9.0,0.0,4.0,13.0,5.0,8.0,6.0,35.0,5.0,3.0,17.0,6.0,15.0,24.0,3.0,3.0,10.0,7.0,47.0,36.0,17.0,18.0,5.0,12.0,8.0,4.0
train/brain_image_0046.jpg,4.0,9.0,3.0,13.0,10.0,2.0,3.0,2.0,33.0,2.0,13.0,1.0,12.0,15.0,3.0,6.0,5.0,5.0,3.0,9.0,13.0,5.0,9.0,13.0,9.0,1.0,11.0,0.0,13.0,17.0,3.0,0.0,17.0,12.0,9.0,9.0,4.0,2.0,2.0,15.0,8.0,32.0,8.0,3.0,4.0,4.0,6.0,6.0,11.0,6.0
train/brain_image_0067.jpg,13.0,16.0,11.0,27.0,31.0,10.0,4.0,6.0,10.0,6.0,5.0,1.0,9.0,3.0,12.0,23.0,13.0,6.0,5.0,7.0,15.0,17.0,28.0,4.0,20.0,8.0,10.0,31.0,6.0,28.0,6.0,1.0,14.0,8.0,31.0,10.0,20.0,13.0,2.0,8.0,7.0,32.0,20.0,12.0,15.0,7.0,5.0,11.0,16.0,4.0
